{"cameraMode":{"drawMode":0,"name":"Shaded","section":"Shading Mode"},"sceneLighting":false,"audioPlay":false,"sceneViewState":{"showFog":true,"showMaterialUpdate":false,"showSkybox":false,"showFlares":true,"showImageEffects":true,"showParticleSystems":true},"in2DMode":false,"pivot":{"x":-259.3500061035156,"y":221.778564453125,"z":-144.62454223632813},"rotation":{"x":-0.043305084109306338,"y":0.9565262794494629,"z":-0.21289518475532533,"w":-0.19460268318653108},"size":70.71067810058594,"orthographic":true}