{"cameraMode":{"drawMode":0,"name":"Shaded","section":"Shading Mode"},"sceneLighting":false,"audioPlay":false,"sceneViewState":{"showFog":true,"showMaterialUpdate":false,"showSkybox":false,"showFlares":true,"showImageEffects":true,"showParticleSystems":true},"in2DMode":false,"pivot":{"x":-0.03428274393081665,"y":0.0959274172782898,"z":0.003323987126350403},"rotation":{"x":0.13011546432971955,"y":-0.014871681109070778,"z":0.0019512708531692625,"w":0.9913865923881531},"size":0.37027961015701296,"orthographic":true}