{"cameraMode":{"drawMode":0,"name":"Shaded","section":"Shading Mode"},"sceneLighting":false,"audioPlay":false,"sceneViewState":{"showFog":true,"showMaterialUpdate":true,"showSkybox":false,"showFlares":true,"showImageEffects":true,"showParticleSystems":true},"in2DMode":false,"pivot":{"x":1.7273573875427247,"y":-2.514260768890381,"z":3.029475688934326},"rotation":{"x":0.30578356981277468,"y":0.2494153380393982,"z":-0.08334612846374512,"w":0.9150643348693848},"size":2.254366874694824,"orthographic":false}